{
  "noticias": [
    {
      "titulo": "Feriadão terá tempo instável no sudeste, centro-oeste e norte do país",
      "noticia": "Uma frente fria que se formou no Sul na segunda-feira (11) deve criar um corredor de umidade desde a Amazônia, trazendo instabilidade para uma extensa faixa na região central.",
      "imagem": "chuva.jpg",
      "link": "https://g1.globo.com/meio-ambiente/noticia/2024/11/15/como-fica-o-tempo-no-feriadao-veja-previsao-para-todas-as-regioes-do-pais.ghtml"
    },
    {
      "titulo": "Alex Telles e Dodô são convocados para a seleção brasileira",
      "noticia": "Os laterais Alex Telles, do Botafogo, e Dodô, da Fiorentina, foram convocados pelo técnico Dorival Júnior para defender a seleção brasileira contra o Uruguai, na próxima terça-feira, no último compromisso da equipe em 2024.",
      "imagem": "futebol.jpg",
      "link": "https://ge.globo.com/futebol/selecao-brasileira/noticia/2024/11/15/alex-telles-e-dodo-sao-convocados-para-a-selecao-brasileira.ghtml"
    },
    {
      "titulo": "Exclusivo! Terry Crews, de Todo Mundo Odeia o Chris, revela curiosidade",
      "noticia": "O Domingo Record entrevista neste fim de semana (17), com exclusividade, o ator Terry Crews, famoso no Brasil por ser o “pai do Chris”, personagem icônico da série Todo Mundo Odeia o Chris.",
      "imagem": "cris.jpg",
      "link": "https://record.r7.com/domingo-record/novidades/terry-crews-astro-de-todo-mundo-odeia-o-chris-revela-curiosidade-ao-domingo-record-nao-sou-careca-14112024/"
    },
    {
      "titulo": "De Graça? jogadores no mercado de graça",
      "noticia": "Neymar, Alexander-Arnold, Kimmich e Son são alguns atletas cujo vínculo está na reta final, o que permite que eles se comprometam com novos clubes no início do ano que vem.",
      "imagem": "neymar.jpeg",
      "link": "https://ge.globo.com/futebol/futebol-internacional/noticia/2024/11/26/alem-de-salah-veja-jogadores-que-podem-assinar-pre-contrato-em-janeiro-de-2025.ghtml"
    },
    {
      "titulo": "Gyökeres, do Sporting, tem média de gols melhor que temporada recorde de Messi; veja números",
      "noticia": "Ninguém consegue parar Viktor Gyökeres. São 33 gols em 25 jogos por Sporting e Suécia na temporada. Artilheiro do futebol europeu, o atacante pode mirar alto e buscar recordes. A média de gols do sueco é superior a de Messi na temporada 2011/12, quando marcou 82 gols. Gyökeres também já tem mais gols que o craque argentino na mesma quantidade de jogos. ",
      "imagem": "gyokeres.jpg",
      "link": "https://ge.globo.com/futebol/futebol-internacional/noticia/2024/11/26/gyokeres-do-sporting-tem-media-de-gols-melhor-que-temporada-recorde-de-messi-veja-numeros.ghtml"
    }
  ]
}